{"trainer/global_step":49,"loss":1.071589469909668,"lr-AdamW":4.9009951e-08,"_timestamp":1.7478414955023816e+09,"global_step":49,"_runtime":87.404432262,"_step":1,"epoch":0,"lr_abs":4.9009951e-08,"_wandb":{"runtime":114}}