{"epoch":0,"_timestamp":1.7478413562771127e+09,"global_step":1199,"_wandb":{"runtime":313},"trainer/global_step":1199,"_runtime":301.74312859,"lr-AdamW":1.1990088010000001e-06,"loss":1.072733998298645,"_step":47,"lr_abs":1.1990088010000001e-06}